cells_number,possible_moves,connection_degree,phi
19,6,4.11,13.110763299565642
16,4,3.0,9.161635482821115
10,6,3.0,8.169730074224567
